CREATE DATABASE dataguru;

USE dataguru;

CREATE TABLE STUDENTS(
	StudentID		varchar(7),
	FirstName		varchar(50),
	LastName		varchar(50),
	Email			varchar(50),
	DateOfBirth		date,
	MobileNumber	varchar(14),
	StreetAddress	varchar(50),
	City			varchar(50),
	State			varchar(50),
	PRIMARY KEY (StudentID)
);

INSERT INTO STUDENTS (
	StudentID,
	FirstName,
	LastName,
	Email,
	DateOfBirth,
	MobileNumber,
	StreetAddress,
	City,
	State)
   VALUES
	('0000001','Mariella','Figueroa','granboul@hotmail.com','1978-06-07','(424) 444-2067','206 Cherry Lane','Eastland','Dorwall'),
	('0000002','Cathrine','Spencer','vertigo@me.com','1978-07-28','(768) 613-7373','3393 Park Street','Bayburgh','Crystalham'),
	('0000003','Eleonora','Zuniga','fudrucker@aol.com','1981-11-09','(707) 816-5715','6004 Berkshire Drive','Fairbrough','Icewheat'),
	('0000004','Alyce','Warren','crandall@att.net','1984-07-20','(987) 846-5521','339 5th Street North','Saltcaster','Aldmarble'),
	('0000005','Nobuko','Moran','temmink@msn.com','1984-09-11','(472) 377-6415','9969 Tanglewood Drive','Sayfield','Marblemont'),
	('0000006','Yee','Esparza','mcmillan@aol.com','1985-07-20','(344) 814-8732','9098 East Avenue','Massgrad','Stoneelf'),
	('0000007','Chantell','Owens','brainless@optonline.net','1985-11-09','(204) 460-6256','793 Schoolhouse Lane','Highview','Starryhollow'),
	('0000008','Vivian','Humphrey','bbirth@hotmail.com','1986-10-09','(965) 427-9466','6025 Grove Avenue','Sandpool Beach','Cordale'),
	('0000009','Branda','Galvan','wsnyder@sbcglobal.net','1987-02-11','(953) 847-2269','6817 Catherine Street','Aelford','Crystalmallow'),
	('0000010','Gisela','Howell','heidrich@me.com','1987-05-13','(816) 453-0573','138 Overlook Circle','Wheelmouth','Shadowmoor'),
	('0000011','Mathilda','Gordon','mcraigw@att.net','1990-08-13','(617) 299-0334','5556 Laurel Lane','Fortdol','Newdell'),
	('0000012','Conception','Carpenter','agapow@icloud.com','1991-12-15','(239) 915-2716','3670 Fieldstone Drive','Chatworth','Butterloch'),
	('0000013','Flora','Singh','bflong@live.com','1992-04-28','(222) 827-2622','5418 Willow Drive','Waterview Falls','Wheatmill'),
	('0000014','Dixie','Bullock','gospodin@aol.com','1994-01-16','(787) 303-2696','4761 Grant Avenue','Greenville','Beechpond'),
	('0000015','Agatha','Garrison','tangsh@aol.com','1994-04-01','(291) 327-2480','2929 Cross Street','Medstead','Southapple'),
	('0000016','Alfreda','Benson','kimvette@yahoo.ca','1994-08-10','(994) 364-3588','3975 High Street','Sugarford','Shadowbell'),
	('0000017','Jene','Whitehead','niknejad@hotmail.com','1998-02-17','(661) 799-3417','1613 Bank Street','New Greendol','Silverview'),
	('0000018','Gladis','Reeves','fangorn@outlook.com','1998-10-26','(754) 763-4623','2373 Bayberry Drive','West Cruxness','Ostdale'),
	('0000019','Latanya','Murillo','harpes@gmail.com','1999-12-07','(754) 619-2943','7876 3rd Street West','Stonewich Beach','Cliffston'),
	('0000020','Evelia','Herrera','aprakash@comcast.net','2000-03-18','(808) 308-9599','9523 Colonial Drive','Strongtown','Wildeness'),
	('0000021','Nena','Strong','rogerspl@att.net','2001-07-06','(766) 524-1836','9087 Fairview Avenue','South Hosdale','Glassmill'),
	('0000022','Roxana','Burke','bruck@comcast.net','2003-01-17','(504) 430-8675','422 Bridle Lane','Starfield City','Dorwall'),
	('0000023','Verena','Nolan','grdschl@att.net','2003-05-29','(902) 536-8781','2870 Orchard Lane','Starstead','Crystalham'),
	('0000024','Yuko','Monroe','uraeus@aol.com','2003-07-22','(814) 418-4107','8819 Ivy Lane','Seafolk','Icewheat'),
	('0000025','Shanell','Johns','dburrows@mac.com','2004-06-30','(915) 884-4474','9385 Fawn Lane','Skillkarta','Aldmarble'),
	('0000026','Gertrudis','Reed','phizntrg@comcast.net','1994-08-30','(958) 648-7215','9061 Maple Avenue','Bellbrough','Marblemont'),
	('0000027','Kathrin','Maxwell','hoangle@icloud.com','1994-09-06','(507) 920-4220','4683 Taylor Street','Pailton','Stoneelf'),
	('0000028','Armandina','Benjamin','report@verizon.net','1994-10-02','(446) 736-7680','8092 Court Street','Redkarta','Starryhollow'),
	('0000029','Adina','Sloan','arnold@att.net','1995-01-25','(628) 266-8154','5054 Poplar Street','Stoneborough','Cordale'),
	('0000030','Lucinda','Jacobs','smallpaul@hotmail.com','1995-07-08','(406) 937-8776','2182 Williams Street','Massville Park','Crystalmallow'),
	('0000031','Nichol','Case','marioph@msn.com','1996-02-06','(703) 688-8284','5926 Devon Court','Springfield','Shadowmoor'),
	('0000032','Holly','Rollins','ghost@msn.com','1996-04-17','(314) 238-6499','9020 Harrison Avenue','East Sandcester','Newdell'),
	('0000033','Barbie','Leblanc','wildixon@att.net','1996-08-04','(264) 381-3260','3949 4th Street West','Cloudpool','Butterloch'),
	('0000034','Siu','Valencia','wonderkid@sbcglobal.net','1996-10-14','(498) 932-4317','8917 Route 202','Richcester','Wheatmill'),
	('0000035','Gilma','Briggs','joehall@optonline.net','1996-12-11','(984) 259-2190','8214 Crescent Street','Manton','Beechpond'),
	('0000036','Agustina','Molina','pmint@msn.com','1997-02-12','(449) 299-7978','7736 Division Street','Emerdale','Southapple'),
	('0000037','Nilsa','Lewis','ganter@mac.com','1998-10-13','(511) 615-9954','8379 Brook Lane','Farmmouth','Shadowbell'),
	('0000038','Kyung','Bright','rsteiner@yahoo.com','1999-03-27','(690) 296-2517','3300 Franklin Street','Beachdale','Silverview'),
	('0000039','Ulrike','Wilcox','tedrlord@yahoo.ca','1999-05-19','(762) 887-0902','3358 5th Street South','North Springcaster','Ostdale'),
	('0000040','Miyoko','Vazquez','yfreund@att.net','2000-08-07','(930) 265-0639','5167 Sycamore Street','Rockburgh','Cliffston'),
	('0000041','Marcelina','Casey','dsowsy@att.net','2000-12-21','(987) 908-2490','6536 Main Street','Lunworth','Wildeness'),
	('0000042','Anna','Foley','granboul@optonline.net','2001-02-06','(240) 969-8741','4615 Hamilton Street','Goldport','Glassmill'),
	('0000043','Frieda','Hunt','ilyaz@gmail.com','2001-02-13','(666) 821-7967','306 Canterbury Road','Jamesport','Shadowdragon'),
	('0000044','Dominque','Alvarado','gbacon@live.com','2001-03-18','(717) 297-8439','4913 Wall Street','Bannport Beach','Woodkeep'),
	('0000045','Niki','Petersen','chinthaka@aol.com','2001-07-15','(897) 450-3530','8274 Lantern Lane','Northkarta','Prytown'),
	('0000046','Aurore','Delacruz','arathi@aol.com','2003-05-22','(963) 694-7470','7942 Elm Avenue','East Hoskarta','Waterbush'),
	('0000047','Nilda','Garrett','wainwrig@msn.com','2003-10-29','(657) 954-0839','4038 Canterbury Drive','Hallham','Clearmont'),
	('0000048','Queenie','Stephens','tmccarth@icloud.com','2004-03-09','(724) 950-2068','4477 Ridge Road','Juldol','Oldloch'),
	('0000049','Katheleen','Goodwin','punkis@me.com','2004-06-11','(564) 446-4325','8688 Laurel Drive','Lexingside','Bridgehedge'),
	('0000050','Adela','Huff','glenz@outlook.com','2004-09-18','(342) 702-3295','1027 10th Street','Julcaster','Lochness'),
	('0000051','Dewitt','Velazquez','bachmann@hotmail.com','1955-02-27','(295) 564-2454','9579 Hanover Court','Kingfolk','Dorwall'),
	('0000052','Domingo','Jennings','augusto@mac.com','1958-09-06','(277) 529-1335','6201 Oxford Road','Seagrad','Crystalham'),
	('0000053','Rigoberto','Frederick','kohlis@optonline.net','1959-03-08','(545) 383-1696','724 Elmwood Avenue','South Middleburgh','Icewheat'),
	('0000054','Hoyt','Reynolds','grolschie@yahoo.ca','1965-11-04','(685) 470-6348','9586 Beech Street','Skillfolk','Aldmarble'),
	('0000055','Bobby','Poole','valdez@aol.com','1968-12-03','(279) 985-1044','8496 Creek Road','New Fishkarta','Marblemont'),
	('0000056','Carson','Frazier','tfinniga@comcast.net','1969-06-13','(902) 505-0281','8639 Sunset Avenue','Eastview','Stoneelf'),
	('0000057','Keenan','Medina','dbindel@icloud.com','1970-01-24','(645) 226-2626','462 Route 70','Oakkarta','Starryhollow'),
	('0000058','Dewey','George','alias@icloud.com','1972-09-21','(243) 958-8679','5162 Willow Lane','Stoneworth','Cordale'),
	('0000059','Alex','Bartlett','augusto@icloud.com','1973-03-16','(789) 533-3435','1397 Euclid Avenue','Queensworth','Crystalmallow'),
	('0000060','Ambrose','Hamilton','bebing@live.com','1973-10-02','(900) 345-6665','4915 Lilac Lane','Sandland','Shadowmoor'),
	('0000061','Allan','Harper','pajas@gmail.com','1975-03-01','(324) 294-2662','8144 4th Street','Freestead','Newdell'),
	('0000062','Scottie','Becker','maratb@yahoo.ca','1975-09-11','(786) 382-1386','4504 Rose Street','Strongkarta','Butterloch'),
	('0000063','Lyle','Krause','gtaylor@aol.com','1979-09-02','(930) 911-2059','1230 2nd Street West','Frostland','Wheatmill'),
	('0000064','Rolf','Berg','froodian@hotmail.com','1980-04-29','(977) 285-3887','3062 Country Club Road','Mansburgh','Beechpond'),
	('0000065','Jorge','Massey','msusa@outlook.com','1982-05-07','(699) 984-8854','5732 12th Street','Mannordol','Southapple'),
	('0000066','Owen','Reid','frode@msn.com','1982-09-02','(317) 638-3789','2469 Lafayette Avenue','Redworth','Shadowbell'),
	('0000067','Quintin','Livingston','kassiesa@msn.com','1986-03-17','(444) 629-7401','6652 Cedar Avenue','West Fauxborough','Silverview'),
	('0000068','Bret','Kaiser','mpiotr@yahoo.ca','1987-10-04','(572) 409-2093','8651 Meadow Street','Duckcester','Ostdale'),
	('0000069','Franklyn','Chan','hikoza@optonline.net','1987-12-02','(322) 643-5257','385 Holly Drive','Pineham','Cliffston'),
	('0000070','Mohamed','Everett','ducasse@comcast.net','1988-05-04','(678) 948-9284','3969 Church Road','Winterside','Wildeness'),
	('0000071','Aurelio','Spears','singh@live.com','1994-07-19','(765) 231-1581','2221 Clinton Street','Sageworth','Glassmill'),
	('0000072','Delbert','Arroyo','kalpol@gmail.com','1995-02-12','(661) 804-4115','3541 John Street','Springmouth','Shadowdragon'),
	('0000073','Kory','Mahoney','jwarren@att.net','1996-08-23','(488) 580-5539','3788 Forest Street','Sweetworth','Woodkeep'),
	('0000074','Sherwood','Jensen','loscar@msn.com','1998-01-31','(780) 655-4295','2484 Fairview Road','Rockford','Prytown'),
	('0000075','Newton','Moon','ilial@verizon.net','2001-07-30','(497) 696-7554','7151 Grant Street','Richland','Dorwall'),
	('0000076','Sonny','Shepard','rogerspl@comcast.net','2000-01-13','(440) 929-1797','6339 Lafayette Street','Freestead City','Crystalham'),
	('0000077','Geoffrey','Kerr','mthurn@live.com','2000-05-24','(283) 501-0993','5747 School Street','Freebury','Icewheat'),
	('0000078','Sammy','Flynn','delpino@mac.com','2000-06-28','(314) 773-5307','8931 Woodland Road','North Transhampton','Aldmarble'),
	('0000079','Valentin','Le','tamas@comcast.net','2000-07-09','(637) 827-9790','473 Fulton Street','Hardwich','Marblemont'),
	('0000080','Wiley','Brennan','amcuri@verizon.net','2000-08-05','(704) 575-1703','5519 Liberty Street','Frostley','Stoneelf'),
	('0000081','Man','Olson','godeke@yahoo.ca','2000-09-06','(574) 908-9404','3760 3rd Street East','Elview','Starryhollow'),
	('0000082','Robt','Curry','portele@msn.com','2000-09-16','(995) 743-7822','5761 Railroad Avenue','Saltley','Cordale'),
	('0000083','Junior','Perry','dbindel@live.com','2000-12-23','(900) 624-3214','6445 Maiden Lane','Millbury','Crystalmallow'),
	('0000084','Winford','Bush','rafasgj@att.net','2001-01-03','(761) 965-8588','5880 Willow Avenue','Elham','Shadowmoor'),
	('0000085','Micah','West','fraser@verizon.net','2001-03-08','(731) 555-3664','9322 James Street','Castercester','Newdell'),
	('0000086','Aubrey','Andersen','errxn@yahoo.com','2001-04-26','(305) 986-9425','1639 Myrtle Street','Freemouth','Butterloch'),
	('0000087','Brad','Espinoza','dmbkiwi@msn.com','2001-05-07','(813) 535-9286','1727 Andover Court','Angerwich Hills','Wheatmill'),
	('0000088','Fredric','Welch','jacks@att.net','2001-08-31','(508) 920-8166','1145 Oak Lane','Weirley','Beechpond'),
	('0000089','Alva','Gregory','amcuri@optonline.net','2001-11-05','(468) 705-9346','9566 Edgewood Road','North Richfolk','Southapple'),
	('0000090','Sidney','Horton','rohitm@mac.com','2001-12-21','(665) 792-5904','8776 Parker Street','Strongmouth','Shadowbell'),
	('0000091','Noble','Thomas','jbuchana@optonline.net','2002-01-17','(295) 805-8242','4198 West Avenue','Pineport','Silverview'),
	('0000092','Kelly','Greene','kannan@me.com','2002-01-24','(557) 277-2376','8070 Beechwood Drive','Duckby','Ostdale'),
	('0000093','Harvey','Dyer','parrt@mac.com','2002-02-02','(560) 434-3231','7159 Dogwood Lane','Sugarton','Cliffston'),
	('0000094','Luciano','Parker','thurston@live.com','2002-02-18','(666) 452-6286','7399 Clark Street','Winside','Wildeness'),
	('0000095','Courtney','Leach','gospodin@verizon.net','2002-04-02','(712) 866-1621','1371 Route 7','Walthampton Island','Glassmill'),
	('0000096','Graham','Hobbs','ngedmond@comcast.net','2002-04-20','(707) 259-1787','2606 Heather Lane','Northbury City','Shadowdragon'),
	('0000097','Garret','Kirby','melnik@gmail.com','2002-07-19','(863) 512-4065','3458 Amherst Street','North Gilwich','Woodkeep'),
	('0000098','Houston','Mora','scottlee@msn.com','2002-08-06','(744) 441-7374','5311 Cardinal Drive','East Redville','Prytown'),
	('0000099','Albert','Sanders','sartak@hotmail.com','2002-08-21','(583) 872-6070','8919 Street Road','Westtown','Waterbush'),
	('0000100','Harrison','Whitney','guialbu@hotmail.com','2002-08-29','(880) 534-7137','624 Dogwood Drive','North Hamburgh','Clearmont')
;

CREATE TABLE GRADES(
	StudentID		varchar(7),
	Semester		varchar(6),
	Year		    year(4),
	Course			varchar(8),
	Score			tinyint
);

INSERT INTO GRADES (
	StudentID,
	Semester,
	Year,
	Course,
	Score)
   VALUES
	('0000001', 'Summer', 2018, 'MATH 120', 95),
	('0000002', 'Spring', 2019, 'ENGR 385', 67),
	('0000004', 'Spring', 2019, 'ENGR 385', 89),
	('0000006', 'Summer', 2018, 'STAT 012', 89),
	('0000007', 'Spring', 2019, 'HIST 396', 63),
	('0000007', 'Fall', 2019, 'CHEM 281', 62),
	('0000008', 'Fall', 2019, 'ENGR 385', 84),
	('0000009', 'Spring', 2019, 'ENGR 385', 62),
	('0000009', 'Summer', 2018, 'CHEM 281', 54),
	('0000013', 'Fall', 2019, 'CHEM 281', 52),
	('0000013', 'Fall', 2019, 'CS 193', 58),
	('0000014', 'Fall', 2019, 'HIST 396', 76),
	('0000016', 'Fall', 2019, 'STAT 012', 91),
	('0000017', 'Spring', 2019, 'ECON 204', 79),
	('0000017', 'Fall', 2019, 'CS 193', 78),
	('0000021', 'Spring', 2019, 'STAT 012', 55),
	('0000024', 'Spring', 2019, 'STAT 012', 59),
	('0000025', 'Fall', 2019, 'STAT 012', 57),
	('0000027', 'Fall', 2019, 'MATH 120', 85),
	('0000029', 'Fall', 2019, 'ENGR 385', 95),
	('0000030', 'Fall', 2019, 'CHEM 281', 73),
	('0000031', 'Spring', 2019, 'CS 193', 88),
	('0000032', 'Fall', 2019, 'ENGR 385', 68),
	('0000033', 'Fall', 2019, 'MATH 120', 74),
	('0000033', 'Spring', 2019, 'ENGR 385', 80),
	('0000034', 'Fall', 2019, 'CHEM 281', 55),
	('0000035', 'Spring', 2019, 'HIST 396', 61),
	('0000035', 'Summer', 2018, 'CS 193', 70),
	('0000036', 'Fall', 2019, 'ECON 204', 51),
	('0000036', 'Fall', 2019, 'HIST 396', 53),
	('0000038', 'Fall', 2019, 'CS 193', 100),
	('0000038', 'Fall', 2019, 'CS 193', 95),
	('0000038', 'Summer', 2018, 'STAT 012', 55),
	('0000038', 'Spring', 2019, 'STAT 012', 70),
	('0000040', 'Spring', 2019, 'HIST 396', 90),
	('0000041', 'Fall', 2019, 'ENGR 385', 91),
	('0000042', 'Fall', 2019, 'STAT 012', 74),
	('0000044', 'Summer', 2018, 'ECON 204', 55),
	('0000044', 'Summer', 2018, 'CS 193', 63),
	('0000044', 'Fall', 2019, 'STAT 012', 56),
	('0000044', 'Summer', 2018, 'CHEM 281', 58),
	('0000044', 'Fall', 2019, 'CS 193', 68),
	('0000046', 'Spring', 2019, 'ECON 204', 59),
	('0000047', 'Spring', 2019, 'ECON 204', 72),
	('0000048', 'Fall', 2019, 'ECON 204', 62),
	('0000048', 'Summer', 2018, 'MATH 120', 97),
	('0000049', 'Spring', 2019, 'CS 193', 68),
	('0000049', 'Fall', 2019, 'STAT 012', 57),
	('0000050', 'Fall', 2019, 'HIST 396', 67),
	('0000050', 'Fall', 2019, 'ECON 204', 62),
	('0000052', 'Summer', 2018, 'CS 193', 80),
	('0000053', 'Summer', 2018, 'MATH 120', 95),
	('0000053', 'Fall', 2019, 'HIST 396', 53),
	('0000054', 'Summer', 2018, 'ENGR 385', 87),
	('0000054', 'Fall', 2019, 'STAT 012', 56),
	('0000055', 'Spring', 2019, 'ECON 204', 60),
	('0000056', 'Summer', 2018, 'ENGR 385', 83),
	('0000056', 'Spring', 2019, 'HIST 396', 87),
	('0000056', 'Fall', 2019, 'ENGR 385', 82),
	('0000056', 'Summer', 2018, 'CHEM 281', 68),
	('0000057', 'Fall', 2019, 'CHEM 281', 88),
	('0000060', 'Spring', 2019, 'CHEM 281', 88),
	('0000060', 'Fall', 2019, 'MATH 120', 97),
	('0000061', 'Fall', 2019, 'HIST 396', 50),
	('0000063', 'Spring', 2019, 'CS 193', 85),
	('0000064', 'Fall', 2019, 'STAT 012', 82),
	('0000065', 'Spring', 2019, 'CHEM 281', 81),
	('0000065', 'Fall', 2019, 'CHEM 281', 96),
	('0000066', 'Spring', 2019, 'ECON 204', 80),
	('0000066', 'Spring', 2019, 'STAT 012', 81),
	('0000068', 'Spring', 2019, 'CHEM 281', 94),
	('0000070', 'Fall', 2019, 'MATH 120', 60),
	('0000070', 'Fall', 2019, 'CHEM 281', 54),
	('0000070', 'Spring', 2019, 'STAT 012', 53),
	('0000070', 'Summer', 2018, 'CHEM 281', 53),
	('0000071', 'Fall', 2019, 'CHEM 281', 81),
	('0000071', 'Fall', 2019, 'MATH 120', 84),
	('0000073', 'Summer', 2018, 'STAT 012', 64),
	('0000073', 'Fall', 2019, 'CS 193', 83),
	('0000076', 'Fall', 2019, 'STAT 012', 85),
	('0000076', 'Spring', 2019, 'ECON 204', 83),
	('0000077', 'Fall', 2019, 'MATH 120', 79),
	('0000078', 'Fall', 2019, 'HIST 396', 97),
	('0000079', 'Summer', 2018, 'MATH 120', 74),
	('0000079', 'Spring', 2019, 'ECON 204', 83),
	('0000084', 'Fall', 2019, 'ECON 204', 62),
	('0000086', 'Fall', 2019, 'ENGR 385', 69),
	('0000087', 'Spring', 2019, 'HIST 396', 52),
	('0000089', 'Fall', 2019, 'CHEM 281', 86),
	('0000089', 'Summer', 2018, 'MATH 120', 69),
	('0000090', 'Fall', 2019, 'ENGR 385', 94),
	('0000091', 'Fall', 2019, 'ENGR 385', 83),
	('0000091', 'Spring', 2019, 'CS 193', 50),
	('0000091', 'Spring', 2019, 'HIST 396', 74),
	('0000092', 'Fall', 2019, 'STAT 012', 60),
	('0000093', 'Spring', 2019, 'ENGR 385', 82),
	('0000094', 'Summer', 2018, 'CS 193', 86),
	('0000095', 'Spring', 2019, 'CHEM 281', 66),
	('0000095', 'Spring', 2019, 'MATH 120', 58),
	('0000098', 'Fall', 2019, 'STAT 012', 50),
	('0000098', 'Fall', 2019, 'ENGR 385', 67)
	;
	
CREATE TABLE CAREER(
	StudentID		varchar(7),
	Track			varchar(50),
	Year		    year(4),
	PRIMARY KEY (StudentID)
);

INSERT INTO CAREER(
	StudentID,
	Track,
	Year)
   VALUES
	('0000130', 'Data Engineer', 2021),
	('0000064', 'Data Scientist', 2020),
	('0000013', 'Executive', 2020),
	('0000110', 'Cyber Security Analyst', 2021),
	('0000099', 'Project Manager', 2020),
	('0000111', 'Cyber Security Analyst', 2021),
	('0000132', 'Data Engineer', 2021),
	('0000010', 'Data Scientist', 2020),
	('0000117', 'Cyber Security Analyst', 2021),
	('0000071', 'Data Scientist', 2020),
	('0000032', 'Software Developer', 2020),
	('0000146', 'Ethical Hacker', 2021),
	('0000125', 'Data Engineer', 2021),
	('0000127', 'Data Engineer', 2021),
	('0000112', 'Cyber Security Analyst', 2021),
	('0000007', 'Project Manager', 2020),
	('0000123', 'Data Engineer', 2021),
	('0000059', 'Executive', 2020),
	('0000057', 'Chemical Engineer', 2020),
	('0000092', 'Data Scientist', 2020),
	('0000016', 'Project Manager', 2020),
	('0000087', 'Project Manager', 2020),
	('0000084', 'Project Manager', 2020),
	('0000056', 'Data Scientist', 2020),
	('0000124', 'Data Engineer', 2021),
	('0000097', 'Software Developer', 2020),
	('0000070', 'Software Developer', 2020),
	('0000067', 'Data Scientist', 2020),
	('0000035', 'Software Developer', 2020),
	('0000108', 'Cyber Security Analyst', 2021),
	('0000060', 'Executive', 2020),
	('0000049', 'Software Developer', 2020),
	('0000116', 'Cyber Security Analyst', 2021),
	('0000128', 'Data Engineer', 2021),
	('0000118', 'Cyber Security Analyst', 2021),
	('0000023', 'Executive', 2020),
	('0000138', 'Data Engineer', 2021),
	('0000055', 'Executive', 2020),
	('0000048', 'Chemical Engineer', 2020),
	('0000069', 'Software Developer', 2020),
	('0000006', 'Chemical Engineer', 2020),
	('0000145', 'Ethical Hacker', 2021),
	('0000045', 'Software Developer', 2020),
	('0000121', 'Data Engineer', 2021),
	('0000107', 'Cyber Security Analyst', 2021),
	('0000144', 'Ethical Hacker', 2021),
	('0000141', 'Data Engineer', 2021),
	('0000088', 'Project Manager', 2020),
	('0000066', 'Software Developer', 2020),
	('0000126', 'Data Engineer', 2021),
	('0000131', 'Data Engineer', 2021),
	('0000079', 'Project Manager', 2020),
	('0000140', 'Data Engineer', 2021),
	('0000038', 'Data Scientist', 2020),
	('0000129', 'Data Engineer', 2021),
	('0000083', 'Data Scientist', 2020),
	('0000046', 'Software Developer', 2020),
	('0000122', 'Data Engineer', 2021),
	('0000133', 'Data Engineer', 2021),
	('0000149', 'Ethical Hacker', 2021),
	('0000134', 'Data Engineer', 2021),
	('0000073', 'Data Scientist', 2020),
	('0000003', 'Chemical Engineer', 2020),
	('0000147', 'Ethical Hacker', 2021),
	('0000115', 'Cyber Security Analyst', 2021),
	('0000077', 'Project Manager', 2020),
	('0000109', 'Cyber Security Analyst', 2021),
	('0000068', 'Project Manager', 2020),
	('0000113', 'Cyber Security Analyst', 2021),
	('0000114', 'Cyber Security Analyst', 2021),
	('0000150', 'Ethical Hacker', 2021),
	('0000030', 'Executive', 2020),
	('0000033', 'Project Manager', 2020),
	('0000047', 'Data Scientist', 2020),
	('0000135', 'Data Engineer', 2021),
	('0000120', 'Data Engineer', 2021),
	('0000095', 'Chemical Engineer', 2020),
	('0000051', 'Chemical Engineer', 2020),
	('0000072', 'Project Manager', 2020),
	('0000027', 'Chemical Engineer', 2020),
	('0000022', 'Project Manager', 2020),
	('0000139', 'Data Engineer', 2021),
	('0000037', 'Executive', 2020),
	('0000017', 'Software Developer', 2020),
	('0000096', 'Chemical Engineer', 2020),
	('0000061', 'Software Developer', 2020),
	('0000137', 'Data Engineer', 2021),
	('0000024', 'Software Developer', 2020),
	('0000091', 'Project Manager', 2020),
	('0000136', 'Data Engineer', 2021),
	('0000100', 'Executive', 2020),
	('0000050', 'Executive', 2020),
	('0000142', 'Data Engineer', 2021),
	('0000143', 'Ethical Hacker', 2021),
	('0000089', 'Software Developer', 2020),
	('0000148', 'Ethical Hacker', 2021),
	('0000119', 'Cyber Security Analyst', 2021),
	('0000025', 'Executive', 2020)
	;
    
CREATE TABLE FACULTY(
	FacultyID		varchar(7),
	FirstName		varchar(50),
	LastName		varchar(50),
	Course			varchar(8),
	PRIMARY KEY (FacultyID)
);

INSERT INTO FACULTY(
	FacultyID,
	FirstName,
	LastName,
	Course)
   VALUES
	('0000200','Tanya','James','CHEM 281'),
	('0000201','Mariam','McDaniel','CS 193'),
	('0000202','Julie','Yates','ECON 204'),
	('0000203','Loni','Shah','ENGR 385'),
	('0000204','Bryan','Griffin','HIST 396'),
	('0000205','Wayne','Johnston','MATH 120'),
	('0000206','Owen','Smith','STAT 012'),
	('0000207','Kane','French','CHEM 281'),
	('0000208','Lee','Tran','CS 193'),
	('0000209','Zack','Kelley','ECON 204'),
	('0000210','Calvin','Taylor','ENGR 385'),
	('0000211','Ralph','Arnold','HIST 396'),
	('0000212','Yusuf','Munoz','MATH 120'),
	('0000213','Daniel','Daniels','STAT 012'),
	('0000214','Edenn','Clarke','CHEM 281'),
	('0000215','Theo','Saunders','CS 193'),
	('0000216','Gethin','Johnson','ECON 204'),
	('0000217','Keith','Lyons','ENGR 385'),
	('0000218','Rebekah','Daniel','HIST 396'),
	('0000219','Claudia','Thompson','MATH 120')
	;
	
CREATE TABLE NEWFACULTY(
	FacultyID		varchar(7),
	FirstName		varchar(50),
	LastName		varchar(50),
	Course			varchar(8),
	PRIMARY KEY (FacultyID)
);

INSERT INTO NEWFACULTY(
	FacultyID,
	FirstName,
	LastName,
	Course)
   VALUES
	('0000220','Leroy','Hoffman','STAT 012'),
	('0000221','Steven','Mack','CHEM 281'),
	('0000222','Gary','Curry','CS 193'),
	('0000223','Amaan','Patterson','ECON 204'),
	('0000224','Jackson','Santos','ENGR 385'),
	('0000225','Zakariya','Solis','HIST 396'),
	('0000226','Darcie','Romero','MATH 120'),
	('0000227','Molly','Mcleod','STAT 012'),
	('0000228','Kye','Graves','CHEM 281'),
	('0000229','Evelyn','Frazier','CS 193'),
	('0000230','Tina','McGrath','ECON 204'),
	('0000231','Christina','Cole','ENGR 385'),
	('0000232','Evie','Allen','HIST 396'),
	('0000233','Penelope','Perry','MATH 120'),
	('0000234','Salma','Gregory','STAT 012'),
	('0000235','Emmie','Williams','CHEM 281'),
	('0000205','Wayne','Johnston','MATH 120'),
	('0000206','Owen','Smith','STAT 012'),
	('0000212','Yusuf','Munoz','MATH 120'),
	('0000213','Daniel','Daniels','STAT 012'),
	('0000214','Edenn','Clarke','CHEM 281'),
	('0000218','Rebekah','Daniel','HIST 396'),
	('0000219','Claudia','Thompson','MATH 120')
	;
    
    